Country,Place of birth,Educational attainment,Year,Unit,Value
Australia,Foreign-born,Total,2015,Percentage,72.3
Australia,Foreign-born,Total,2016,Percentage,72.6
Australia,Foreign-born,Total,2017,Percentage,73.7
Australia,Foreign-born,Total,2018,Percentage,74.5
Australia,Foreign-born,Total,2019,Percentage,75.1
Austria,Foreign-born,Total,2015,Percentage,67.4
Austria,Foreign-born,Total,2016,Percentage,67.6
Austria,Foreign-born,Total,2017,Percentage,68.9
Austria,Foreign-born,Total,2018,Percentage,70.3
Austria,Foreign-born,Total,2019,Percentage,71.8
Austria,Foreign-born,Low,2015,Percentage,51.3
Austria,Foreign-born,Low,2016,Percentage,50.7
Austria,Foreign-born,Low,2017,Percentage,51.6
Austria,Foreign-born,Low,2018,Percentage,56.3
Austria,Foreign-born,Low,2019,Percentage,55.7
Austria,Foreign-born,Medium,2015,Percentage,71.2
Austria,Foreign-born,Medium,2016,Percentage,72.2
Austria,Foreign-born,Medium,2017,Percentage,73.0
Austria,Foreign-born,Medium,2018,Percentage,74.5
Austria,Foreign-born,Medium,2019,Percentage,76.6
Austria,Foreign-born,High,2015,Percentage,75.8
Austria,Foreign-born,High,2016,Percentage,76.0
Austria,Foreign-born,High,2017,Percentage,78.0
Austria,Foreign-born,High,2018,Percentage,76.0
Austria,Foreign-born,High,2019,Percentage,78.1
Belgium,Foreign-born,Total,2015,Percentage,57.8
Belgium,Foreign-born,Total,2016,Percentage,58.8
Belgium,Foreign-born,Total,2017,Percentage,61.9
Belgium,Foreign-born,Total,2018,Percentage,63.4
Belgium,Foreign-born,Total,2019,Percentage,62.0
Belgium,Foreign-born,Low,2015,Percentage,41.6
Belgium,Foreign-born,Low,2016,Percentage,42.3
Belgium,Foreign-born,Low,2017,Percentage,46.6
Belgium,Foreign-born,Low,2018,Percentage,45.4
Belgium,Foreign-born,Low,2019,Percentage,44.1
Belgium,Foreign-born,Medium,2015,Percentage,61.1
Belgium,Foreign-born,Medium,2016,Percentage,62.7
Belgium,Foreign-born,Medium,2017,Percentage,63.6
Belgium,Foreign-born,Medium,2018,Percentage,70.2
Belgium,Foreign-born,Medium,2019,Percentage,67.9
Belgium,Foreign-born,High,2015,Percentage,73.3
Belgium,Foreign-born,High,2016,Percentage,73.5
Belgium,Foreign-born,High,2017,Percentage,76.6
Belgium,Foreign-born,High,2018,Percentage,76.1
Belgium,Foreign-born,High,2019,Percentage,75.7
Czech Republic,Foreign-born,Total,2015,Percentage,75.5
Czech Republic,Foreign-born,Total,2016,Percentage,77.5
Czech Republic,Foreign-born,Total,2017,Percentage,81.9
Czech Republic,Foreign-born,Total,2018,Percentage,81.1
Czech Republic,Foreign-born,Total,2019,Percentage,81.0
Czech Republic,Foreign-born,Low,2015,Percentage,51.5
Czech Republic,Foreign-born,Low,2016,Percentage,56.0
Czech Republic,Foreign-born,Low,2017,Percentage,67.4
Czech Republic,Foreign-born,Low,2018,Percentage,70.2
Czech Republic,Foreign-born,Low,2019,Percentage,64.8
Czech Republic,Foreign-born,Medium,2015,Percentage,77.6
Czech Republic,Foreign-born,Medium,2016,Percentage,78.2
Czech Republic,Foreign-born,Medium,2017,Percentage,85.0
Czech Republic,Foreign-born,Medium,2018,Percentage,84.2
Czech Republic,Foreign-born,Medium,2019,Percentage,82.4
Czech Republic,Foreign-born,High,2015,Percentage,82.2
Czech Republic,Foreign-born,High,2016,Percentage,85.5
Czech Republic,Foreign-born,High,2017,Percentage,82.6
Czech Republic,Foreign-born,High,2018,Percentage,81.8
Czech Republic,Foreign-born,High,2019,Percentage,83.5
Denmark,Foreign-born,Total,2015,Percentage,65.4
Denmark,Foreign-born,Total,2016,Percentage,68.6
Denmark,Foreign-born,Total,2017,Percentage,66.8
Denmark,Foreign-born,Total,2018,Percentage,68.3
Denmark,Foreign-born,Total,2019,Percentage,68.2
Denmark,Foreign-born,Low,2015,Percentage,49.1
Denmark,Foreign-born,Low,2016,Percentage,53.4
Denmark,Foreign-born,Low,2017,Percentage,52.7
Denmark,Foreign-born,Low,2018,Percentage,55.7
Denmark,Foreign-born,Low,2019,Percentage,54.6
Denmark,Foreign-born,Medium,2015,Percentage,68.0
Denmark,Foreign-born,Medium,2016,Percentage,68.9
Denmark,Foreign-born,Medium,2017,Percentage,69.1
Denmark,Foreign-born,Medium,2018,Percentage,69.8
Denmark,Foreign-born,Medium,2019,Percentage,68.7
Denmark,Foreign-born,High,2015,Percentage,75.4
Denmark,Foreign-born,High,2016,Percentage,77.2
Denmark,Foreign-born,High,2017,Percentage,75.7
Denmark,Foreign-born,High,2018,Percentage,76.9
Denmark,Foreign-born,High,2019,Percentage,80.1
Finland,Foreign-born,Total,2015,Percentage,62.5
Finland,Foreign-born,Total,2016,Percentage,63.6
Finland,Foreign-born,Total,2017,Percentage,67.7
Finland,Foreign-born,Total,2018,Percentage,66.4
Finland,Foreign-born,Total,2019,Percentage,69.6
Finland,Foreign-born,Low,2015,Percentage,53.6
Finland,Foreign-born,Low,2016,Percentage,55.2
Finland,Foreign-born,Low,2017,Percentage,60.4
Finland,Foreign-born,Low,2018,Percentage,53.6
Finland,Foreign-born,Low,2019,Percentage,51.8
Finland,Foreign-born,Medium,2015,Percentage,68.5
Finland,Foreign-born,Medium,2016,Percentage,62.2
Finland,Foreign-born,Medium,2017,Percentage,69.0
Finland,Foreign-born,Medium,2018,Percentage,66.0
Finland,Foreign-born,Medium,2019,Percentage,73.0
Finland,Foreign-born,High,2015,Percentage,65.6
Finland,Foreign-born,High,2016,Percentage,70.8
Finland,Foreign-born,High,2017,Percentage,71.1
Finland,Foreign-born,High,2018,Percentage,78.2
Finland,Foreign-born,High,2019,Percentage,76.1
France,Foreign-born,Total,2015,Percentage,58.9
France,Foreign-born,Total,2016,Percentage,59.6
France,Foreign-born,Total,2017,Percentage,61.5
France,Foreign-born,Total,2018,Percentage,62.5
France,Foreign-born,Total,2019,Percentage,61.9
France,Foreign-born,Low,2015,Percentage,47.6
France,Foreign-born,Low,2016,Percentage,47.9
France,Foreign-born,Low,2017,Percentage,51.7
France,Foreign-born,Low,2018,Percentage,51.9
France,Foreign-born,Low,2019,Percentage,52.1
France,Foreign-born,Medium,2015,Percentage,60.2
France,Foreign-born,Medium,2016,Percentage,62.5
France,Foreign-born,Medium,2017,Percentage,64.2
France,Foreign-born,Medium,2018,Percentage,64.8
France,Foreign-born,Medium,2019,Percentage,61.4
France,Foreign-born,High,2015,Percentage,73.2
France,Foreign-born,High,2016,Percentage,71.4
France,Foreign-born,High,2017,Percentage,71.4
France,Foreign-born,High,2018,Percentage,72.3
France,Foreign-born,High,2019,Percentage,73.2
Germany,Foreign-born,Total,2015,Percentage,70.8
Germany,Foreign-born,Total,2016,Percentage,70.7
Germany,Foreign-born,Total,2017,Percentage,69.1
Germany,Foreign-born,Total,2018,Percentage,72.6
Germany,Foreign-born,Total,2019,Percentage,73.6
Germany,Foreign-born,Low,2015,Percentage,58.9
Germany,Foreign-born,Low,2016,Percentage,58.0
Germany,Foreign-born,Low,2017,Percentage,59.0
Germany,Foreign-born,Low,2018,Percentage,59.7
Germany,Foreign-born,Low,2019,Percentage,61.2
Germany,Foreign-born,Medium,2015,Percentage,76.1
Germany,Foreign-born,Medium,2016,Percentage,77.0
Germany,Foreign-born,Medium,2017,Percentage,77.5
Germany,Foreign-born,Medium,2018,Percentage,78.3
Germany,Foreign-born,Medium,2019,Percentage,79.1
Germany,Foreign-born,High,2015,Percentage,78.1
Germany,Foreign-born,High,2016,Percentage,78.1
Germany,Foreign-born,High,2017,Percentage,78.6
Germany,Foreign-born,High,2018,Percentage,79.5
Germany,Foreign-born,High,2019,Percentage,80.0
Greece,Foreign-born,Total,2015,Percentage,55.3
Greece,Foreign-born,Total,2016,Percentage,56.5
Greece,Foreign-born,Total,2017,Percentage,55.5
Greece,Foreign-born,Total,2018,Percentage,55.4
Greece,Foreign-born,Total,2019,Percentage,55.5
Greece,Foreign-born,Low,2015,Percentage,57.9
Greece,Foreign-born,Low,2016,Percentage,60.6
Greece,Foreign-born,Low,2017,Percentage,57.3
Greece,Foreign-born,Low,2018,Percentage,54.8
Greece,Foreign-born,Low,2019,Percentage,56.2
Greece,Foreign-born,Medium,2015,Percentage,52.1
Greece,Foreign-born,Medium,2016,Percentage,52.2
Greece,Foreign-born,Medium,2017,Percentage,53.6
Greece,Foreign-born,Medium,2018,Percentage,55.4
Greece,Foreign-born,Medium,2019,Percentage,55.0
Greece,Foreign-born,High,2015,Percentage,56.3
Greece,Foreign-born,High,2016,Percentage,56.5
Greece,Foreign-born,High,2017,Percentage,56.1
Greece,Foreign-born,High,2018,Percentage,57.1
Greece,Foreign-born,High,2019,Percentage,55.2
Hungary,Foreign-born,Total,2015,Percentage,74.1
Hungary,Foreign-born,Total,2016,Percentage,78.5
Hungary,Foreign-born,Total,2017,Percentage,80.1
Hungary,Foreign-born,Total,2018,Percentage,77.2
Hungary,Foreign-born,Total,2019,Percentage,82.7
Hungary,Foreign-born,Low,2015,Percentage,57.1
Hungary,Foreign-born,Low,2016,Percentage,67.1
Hungary,Foreign-born,Low,2017,Percentage,74.5
Hungary,Foreign-born,Low,2018,Percentage,75.1
Hungary,Foreign-born,Low,2019,Percentage,75.4
Hungary,Foreign-born,Medium,2015,Percentage,73.9
Hungary,Foreign-born,Medium,2016,Percentage,77.7
Hungary,Foreign-born,Medium,2017,Percentage,80.7
Hungary,Foreign-born,Medium,2018,Percentage,73.3
Hungary,Foreign-born,Medium,2019,Percentage,81.6
Hungary,Foreign-born,High,2015,Percentage,80.5
Hungary,Foreign-born,High,2016,Percentage,86.9
Hungary,Foreign-born,High,2017,Percentage,81.6
Hungary,Foreign-born,High,2018,Percentage,84.0
Hungary,Foreign-born,High,2019,Percentage,87.2
Iceland,Foreign-born,Total,2015,Percentage,83.2
Iceland,Foreign-born,Total,2016,Percentage,87.2
Iceland,Foreign-born,Total,2017,Percentage,89.3
Iceland,Foreign-born,Total,2018,Percentage,86.1
Iceland,Foreign-born,Total,2019,Percentage,84.3
Iceland,Foreign-born,Low,2015,Percentage,82.2
Iceland,Foreign-born,Low,2016,Percentage,89.7
Iceland,Foreign-born,Low,2017,Percentage,84.1
Iceland,Foreign-born,Low,2018,Percentage,82.5
Iceland,Foreign-born,Low,2019,Percentage,76.3
Iceland,Foreign-born,Medium,2015,Percentage,82.1
Iceland,Foreign-born,Medium,2016,Percentage,83.7
Iceland,Foreign-born,Medium,2017,Percentage,89.2
Iceland,Foreign-born,Medium,2018,Percentage,87.4
Iceland,Foreign-born,Medium,2019,Percentage,81.5
Iceland,Foreign-born,High,2015,Percentage,85.1
Iceland,Foreign-born,High,2016,Percentage,90.3
Iceland,Foreign-born,High,2017,Percentage,92.5
Iceland,Foreign-born,High,2018,Percentage,87.1
Iceland,Foreign-born,High,2019,Percentage,89.8
Ireland,Foreign-born,Total,2015,Percentage,70.0
Ireland,Foreign-born,Total,2016,Percentage,71.9
Ireland,Foreign-born,Total,2017,Percentage,73.9
Ireland,Foreign-born,Total,2018,Percentage,75.2
Ireland,Foreign-born,Total,2019,Percentage,76.3
Ireland,Foreign-born,Low,2015,Percentage,48.5
Ireland,Foreign-born,Low,2016,Percentage,48.6
Ireland,Foreign-born,Low,2017,Percentage,49.0
Ireland,Foreign-born,Low,2018,Percentage,53.2
Ireland,Foreign-born,Low,2019,Percentage,55.0
Ireland,Foreign-born,Medium,2015,Percentage,65.7
Ireland,Foreign-born,Medium,2016,Percentage,69.3
Ireland,Foreign-born,Medium,2017,Percentage,70.3
Ireland,Foreign-born,Medium,2018,Percentage,72.4
Ireland,Foreign-born,Medium,2019,Percentage,73.7
Ireland,Foreign-born,High,2015,Percentage,76.8
Ireland,Foreign-born,High,2016,Percentage,78.1
Ireland,Foreign-born,High,2017,Percentage,80.3
Ireland,Foreign-born,High,2018,Percentage,80.6
Ireland,Foreign-born,High,2019,Percentage,81.6
Italy,Foreign-born,Total,2015,Percentage,63.7
Italy,Foreign-born,Total,2016,Percentage,63.9
Italy,Foreign-born,Total,2017,Percentage,64.5
Italy,Foreign-born,Total,2018,Percentage,65.1
Italy,Foreign-born,Total,2019,Percentage,65.3
Italy,Foreign-born,Low,2015,Percentage,59.0
Italy,Foreign-born,Low,2016,Percentage,59.9
Italy,Foreign-born,Low,2017,Percentage,60.6
Italy,Foreign-born,Low,2018,Percentage,61.8
Italy,Foreign-born,Low,2019,Percentage,62.4
Italy,Foreign-born,Medium,2015,Percentage,66.9
Italy,Foreign-born,Medium,2016,Percentage,67.5
Italy,Foreign-born,Medium,2017,Percentage,67.4
Italy,Foreign-born,Medium,2018,Percentage,66.8
Italy,Foreign-born,Medium,2019,Percentage,67.1
Italy,Foreign-born,High,2015,Percentage,69.2
Italy,Foreign-born,High,2016,Percentage,68.0
Italy,Foreign-born,High,2017,Percentage,70.0
Italy,Foreign-born,High,2018,Percentage,72.1
Italy,Foreign-born,High,2019,Percentage,70.2
Luxembourg,Foreign-born,Total,2015,Percentage,74.2
Luxembourg,Foreign-born,Total,2016,Percentage,74.1
Luxembourg,Foreign-born,Total,2017,Percentage,75.3
Luxembourg,Foreign-born,Total,2018,Percentage,75.7
Luxembourg,Foreign-born,Total,2019,Percentage,76.6
Luxembourg,Foreign-born,Low,2015,Percentage,66.2
Luxembourg,Foreign-born,Low,2016,Percentage,64.4
Luxembourg,Foreign-born,Low,2017,Percentage,63.8
Luxembourg,Foreign-born,Low,2018,Percentage,64.0
Luxembourg,Foreign-born,Low,2019,Percentage,66.2
Luxembourg,Foreign-born,Medium,2015,Percentage,69.0
Luxembourg,Foreign-born,Medium,2016,Percentage,67.2
Luxembourg,Foreign-born,Medium,2017,Percentage,73.3
Luxembourg,Foreign-born,Medium,2018,Percentage,74.5
Luxembourg,Foreign-born,Medium,2019,Percentage,70.3
Luxembourg,Foreign-born,High,2015,Percentage,83.4
Luxembourg,Foreign-born,High,2016,Percentage,84.5
Luxembourg,Foreign-born,High,2017,Percentage,84.0
Luxembourg,Foreign-born,High,2018,Percentage,83.6
Luxembourg,Foreign-born,High,2019,Percentage,84.7
Mexico,Foreign-born,Total,2015,Percentage,67.9
Mexico,Foreign-born,Total,2016,Percentage,70.2
Mexico,Foreign-born,Total,2017,Percentage,68.8
Mexico,Foreign-born,Total,2018,Percentage,69.3
Mexico,Foreign-born,Total,2019,Percentage,69.2
Mexico,Foreign-born,Low,2016,Percentage,69.1
Mexico,Foreign-born,Low,2017,Percentage,63.1
Mexico,Foreign-born,Low,2018,Percentage,64.5
Mexico,Foreign-born,Low,2019,Percentage,70.1
Mexico,Foreign-born,Medium,2016,Percentage,63.0
Mexico,Foreign-born,Medium,2017,Percentage,63.9
Mexico,Foreign-born,Medium,2018,Percentage,65.7
Mexico,Foreign-born,Medium,2019,Percentage,64.4
Mexico,Foreign-born,High,2016,Percentage,75.2
Mexico,Foreign-born,High,2017,Percentage,74.8
Mexico,Foreign-born,High,2018,Percentage,75.2
Mexico,Foreign-born,High,2019,Percentage,71.3
Netherlands,Foreign-born,Total,2015,Percentage,63.1
Netherlands,Foreign-born,Total,2016,Percentage,64.3
Netherlands,Foreign-born,Total,2017,Percentage,64.9
Netherlands,Foreign-born,Total,2018,Percentage,66.9
Netherlands,Foreign-born,Total,2019,Percentage,68.4
Netherlands,Foreign-born,Low,2015,Percentage,48.9
Netherlands,Foreign-born,Low,2016,Percentage,46.2
Netherlands,Foreign-born,Low,2017,Percentage,49.9
Netherlands,Foreign-born,Low,2018,Percentage,49.3
Netherlands,Foreign-born,Low,2019,Percentage,50.1
Netherlands,Foreign-born,Medium,2015,Percentage,64.2
Netherlands,Foreign-born,Medium,2016,Percentage,66.5
Netherlands,Foreign-born,Medium,2017,Percentage,67.3
Netherlands,Foreign-born,Medium,2018,Percentage,70.4
Netherlands,Foreign-born,Medium,2019,Percentage,72.7
Netherlands,Foreign-born,High,2015,Percentage,79.3
Netherlands,Foreign-born,High,2016,Percentage,80.7
Netherlands,Foreign-born,High,2017,Percentage,77.2
Netherlands,Foreign-born,High,2018,Percentage,80.5
Netherlands,Foreign-born,High,2019,Percentage,78.8
New Zealand,Foreign-born,Total,2015,Percentage,78.3
New Zealand,Foreign-born,Total,2016,Percentage,79.0
New Zealand,Foreign-born,Low,2015,Percentage,62.7
New Zealand,Foreign-born,Low,2016,Percentage,63.2
New Zealand,Foreign-born,Medium,2015,Percentage,77.0
New Zealand,Foreign-born,Medium,2016,Percentage,78.0
New Zealand,Foreign-born,High,2015,Percentage,84.0
New Zealand,Foreign-born,High,2016,Percentage,83.6
Norway,Foreign-born,Total,2015,Percentage,71.5
Norway,Foreign-born,Total,2016,Percentage,71.8
Norway,Foreign-born,Total,2017,Percentage,72.8
Norway,Foreign-born,Total,2018,Percentage,73.5
Norway,Foreign-born,Total,2019,Percentage,72.9
Norway,Foreign-born,Low,2015,Percentage,52.5
Norway,Foreign-born,Low,2016,Percentage,54.6
Norway,Foreign-born,Low,2017,Percentage,58.5
Norway,Foreign-born,Low,2018,Percentage,53.4
Norway,Foreign-born,Low,2019,Percentage,55.1
Norway,Foreign-born,Medium,2015,Percentage,74.5
Norway,Foreign-born,Medium,2016,Percentage,75.5
Norway,Foreign-born,Medium,2017,Percentage,71.5
Norway,Foreign-born,Medium,2018,Percentage,73.1
Norway,Foreign-born,Medium,2019,Percentage,72.8
Norway,Foreign-born,High,2015,Percentage,80.3
Norway,Foreign-born,High,2016,Percentage,79.5
Norway,Foreign-born,High,2017,Percentage,83.0
Norway,Foreign-born,High,2018,Percentage,85.2
Norway,Foreign-born,High,2019,Percentage,84.2
Poland,Foreign-born,Total,2015,Percentage,68.6
Poland,Foreign-born,Total,2016,Percentage,70.3
Poland,Foreign-born,Total,2017,Percentage,75.4
Poland,Foreign-born,Total,2018,Percentage,79.3
Poland,Foreign-born,Total,2019,Percentage,79.4
Poland,Foreign-born,Medium,2015,Percentage,57.3
Poland,Foreign-born,Medium,2016,Percentage,65.6
Poland,Foreign-born,Medium,2017,Percentage,73.3
Poland,Foreign-born,Medium,2018,Percentage,76.7
Poland,Foreign-born,Medium,2019,Percentage,78.4
Poland,Foreign-born,High,2015,Percentage,78.0
Poland,Foreign-born,High,2016,Percentage,75.9
Poland,Foreign-born,High,2017,Percentage,77.4
Poland,Foreign-born,High,2018,Percentage,81.4
Poland,Foreign-born,High,2019,Percentage,81.1
Portugal,Foreign-born,Total,2015,Percentage,74.2
Portugal,Foreign-born,Total,2016,Percentage,76.2
Portugal,Foreign-born,Total,2017,Percentage,79.0
Portugal,Foreign-born,Total,2018,Percentage,79.1
Portugal,Foreign-born,Total,2019,Percentage,80.4
Portugal,Foreign-born,Low,2015,Percentage,66.8
Portugal,Foreign-born,Low,2016,Percentage,67.8
Portugal,Foreign-born,Low,2017,Percentage,73.1
Portugal,Foreign-born,Low,2018,Percentage,74.7
Portugal,Foreign-born,Low,2019,Percentage,78.1
Portugal,Foreign-born,Medium,2015,Percentage,76.0
Portugal,Foreign-born,Medium,2016,Percentage,79.3
Portugal,Foreign-born,Medium,2017,Percentage,80.1
Portugal,Foreign-born,Medium,2018,Percentage,78.9
Portugal,Foreign-born,Medium,2019,Percentage,80.3
Portugal,Foreign-born,High,2015,Percentage,81.0
Portugal,Foreign-born,High,2016,Percentage,81.6
Portugal,Foreign-born,High,2017,Percentage,83.5
Portugal,Foreign-born,High,2018,Percentage,83.6
Portugal,Foreign-born,High,2019,Percentage,82.4
Slovak Republic,Foreign-born,Total,2015,Percentage,61.2
Slovak Republic,Foreign-born,Total,2016,Percentage,69.6
Slovak Republic,Foreign-born,Total,2017,Percentage,70.8
Slovak Republic,Foreign-born,Total,2018,Percentage,73.8
Slovak Republic,Foreign-born,Total,2019,Percentage,81.7
Slovak Republic,Foreign-born,Medium,2015,Percentage,57.5
Slovak Republic,Foreign-born,Medium,2016,Percentage,67.7
Slovak Republic,Foreign-born,Medium,2017,Percentage,70.5
Slovak Republic,Foreign-born,Medium,2018,Percentage,74.7
Slovak Republic,Foreign-born,Medium,2019,Percentage,82.8
Slovak Republic,Foreign-born,High,2015,Percentage,73.6
Slovak Republic,Foreign-born,High,2016,Percentage,77.9
Slovak Republic,Foreign-born,High,2017,Percentage,82.5
Slovak Republic,Foreign-born,High,2018,Percentage,80.2
Slovak Republic,Foreign-born,High,2019,Percentage,81.0
Spain,Foreign-born,Total,2015,Percentage,59.8
Spain,Foreign-born,Total,2016,Percentage,62.9
Spain,Foreign-born,Total,2017,Percentage,65.6
Spain,Foreign-born,Total,2018,Percentage,66.4
Spain,Foreign-born,Total,2019,Percentage,67.6
Spain,Foreign-born,Low,2015,Percentage,51.8
Spain,Foreign-born,Low,2016,Percentage,54.1
Spain,Foreign-born,Low,2017,Percentage,59.2
Spain,Foreign-born,Low,2018,Percentage,57.3
Spain,Foreign-born,Low,2019,Percentage,62.4
Spain,Foreign-born,Medium,2015,Percentage,63.4
Spain,Foreign-born,Medium,2016,Percentage,68.2
Spain,Foreign-born,Medium,2017,Percentage,67.6
Spain,Foreign-born,Medium,2018,Percentage,70.1
Spain,Foreign-born,Medium,2019,Percentage,70.8
Spain,Foreign-born,High,2015,Percentage,66.7
Spain,Foreign-born,High,2016,Percentage,69.8
Spain,Foreign-born,High,2017,Percentage,72.1
Spain,Foreign-born,High,2018,Percentage,74.2
Spain,Foreign-born,High,2019,Percentage,70.8
Sweden,Foreign-born,Total,2015,Percentage,69.5
Sweden,Foreign-born,Total,2016,Percentage,70.2
Sweden,Foreign-born,Total,2017,Percentage,71.5
Sweden,Foreign-born,Total,2018,Percentage,71.8
Sweden,Foreign-born,Total,2019,Percentage,71.8
Sweden,Foreign-born,Low,2015,Percentage,52.3
Sweden,Foreign-born,Low,2016,Percentage,53.9
Sweden,Foreign-born,Low,2017,Percentage,54.9
Sweden,Foreign-born,Low,2018,Percentage,55.0
Sweden,Foreign-born,Low,2019,Percentage,55.7
Sweden,Foreign-born,Medium,2015,Percentage,75.2
Sweden,Foreign-born,Medium,2016,Percentage,74.5
Sweden,Foreign-born,Medium,2017,Percentage,76.3
Sweden,Foreign-born,Medium,2018,Percentage,76.1
Sweden,Foreign-born,Medium,2019,Percentage,74.8
Sweden,Foreign-born,High,2015,Percentage,78.3
Sweden,Foreign-born,High,2016,Percentage,78.7
Sweden,Foreign-born,High,2017,Percentage,79.5
Sweden,Foreign-born,High,2018,Percentage,80.7
Sweden,Foreign-born,High,2019,Percentage,81.2
Switzerland,Foreign-born,Total,2015,Percentage,77.6
Switzerland,Foreign-born,Total,2016,Percentage,77.8
Switzerland,Foreign-born,Total,2017,Percentage,77.6
Switzerland,Foreign-born,Total,2018,Percentage,78.7
Switzerland,Foreign-born,Total,2019,Percentage,79.5
Switzerland,Foreign-born,Low,2015,Percentage,68.6
Switzerland,Foreign-born,Low,2016,Percentage,67.4
Switzerland,Foreign-born,Low,2017,Percentage,67.1
Switzerland,Foreign-born,Low,2018,Percentage,71.0
Switzerland,Foreign-born,Low,2019,Percentage,71.7
Switzerland,Foreign-born,Medium,2015,Percentage,78.9
Switzerland,Foreign-born,Medium,2016,Percentage,79.3
Switzerland,Foreign-born,Medium,2017,Percentage,79.4
Switzerland,Foreign-born,Medium,2018,Percentage,78.5
Switzerland,Foreign-born,Medium,2019,Percentage,78.4
Switzerland,Foreign-born,High,2015,Percentage,82.3
Switzerland,Foreign-born,High,2016,Percentage,83.1
Switzerland,Foreign-born,High,2017,Percentage,82.2
Switzerland,Foreign-born,High,2018,Percentage,83.2
Switzerland,Foreign-born,High,2019,Percentage,84.3
United Kingdom,Foreign-born,Total,2015,Percentage,75.4
United Kingdom,Foreign-born,Total,2016,Percentage,76.1
United Kingdom,Foreign-born,Total,2017,Percentage,77.1
United Kingdom,Foreign-born,Total,2018,Percentage,78.3
United Kingdom,Foreign-born,Total,2019,Percentage,79.2
United Kingdom,Foreign-born,Low,2015,Percentage,56.6
United Kingdom,Foreign-born,Low,2016,Percentage,59.5
United Kingdom,Foreign-born,Low,2017,Percentage,58.3
United Kingdom,Foreign-born,Low,2018,Percentage,61.8
United Kingdom,Foreign-born,Low,2019,Percentage,66.3
United Kingdom,Foreign-born,Medium,2015,Percentage,75.6
United Kingdom,Foreign-born,Medium,2016,Percentage,76.5
United Kingdom,Foreign-born,Medium,2017,Percentage,77.7
United Kingdom,Foreign-born,Medium,2018,Percentage,77.8
United Kingdom,Foreign-born,Medium,2019,Percentage,80.0
United Kingdom,Foreign-born,High,2015,Percentage,82.5
United Kingdom,Foreign-born,High,2016,Percentage,81.8
United Kingdom,Foreign-born,High,2017,Percentage,83.6
United Kingdom,Foreign-born,High,2018,Percentage,84.3
United Kingdom,Foreign-born,High,2019,Percentage,83.1
United States,Foreign-born,Total,2015,Percentage,72.5
United States,Foreign-born,Total,2016,Percentage,73.2
United States,Foreign-born,Total,2017,Percentage,74.0
United States,Foreign-born,Total,2018,Percentage,74.6
United States,Foreign-born,Total,2019,Percentage,75.2
United States,Foreign-born,Low,2015,Percentage,65.8
United States,Foreign-born,Low,2016,Percentage,66.1
United States,Foreign-born,Low,2017,Percentage,67.0
United States,Foreign-born,Low,2018,Percentage,68.1
United States,Foreign-born,Low,2019,Percentage,67.1
United States,Foreign-born,Medium,2015,Percentage,71.6
United States,Foreign-born,Medium,2016,Percentage,72.4
United States,Foreign-born,Medium,2017,Percentage,73.7
United States,Foreign-born,Medium,2018,Percentage,74.3
United States,Foreign-born,Medium,2019,Percentage,75.1
United States,Foreign-born,High,2015,Percentage,77.4
United States,Foreign-born,High,2016,Percentage,78.0
United States,Foreign-born,High,2017,Percentage,78.2
United States,Foreign-born,High,2018,Percentage,78.3
United States,Foreign-born,High,2019,Percentage,79.2
Chile,Foreign-born,Total,2015,Percentage,81.6
Chile,Foreign-born,Total,2017,Percentage,81.0
Chile,Foreign-born,Low,2015,Percentage,79.9
Chile,Foreign-born,Low,2017,Percentage,73.7
Chile,Foreign-born,Medium,2015,Percentage,80.9
Chile,Foreign-born,Medium,2017,Percentage,81.7
Chile,Foreign-born,High,2015,Percentage,86.6
Chile,Foreign-born,High,2017,Percentage,85.1
Estonia,Foreign-born,Total,2015,Percentage,70.7
Estonia,Foreign-born,Total,2016,Percentage,71.2
Estonia,Foreign-born,Total,2017,Percentage,72.1
Estonia,Foreign-born,Total,2018,Percentage,70.6
Estonia,Foreign-born,Total,2019,Percentage,75.8
Estonia,Foreign-born,Low,2015,Percentage,47.2
Estonia,Foreign-born,Low,2016,Percentage,55.3
Estonia,Foreign-born,Low,2017,Percentage,64.1
Estonia,Foreign-born,Low,2018,Percentage,51.6
Estonia,Foreign-born,Low,2019,Percentage,64.0
Estonia,Foreign-born,Medium,2015,Percentage,69.7
Estonia,Foreign-born,Medium,2016,Percentage,70.0
Estonia,Foreign-born,Medium,2017,Percentage,70.5
Estonia,Foreign-born,Medium,2018,Percentage,67.9
Estonia,Foreign-born,Medium,2019,Percentage,71.6
Estonia,Foreign-born,High,2015,Percentage,75.5
Estonia,Foreign-born,High,2016,Percentage,75.4
Estonia,Foreign-born,High,2017,Percentage,75.8
Estonia,Foreign-born,High,2018,Percentage,76.6
Estonia,Foreign-born,High,2019,Percentage,81.2
Israel,Foreign-born,Total,2015,Percentage,80.2
Israel,Foreign-born,Total,2016,Percentage,80.9
Israel,Foreign-born,Total,2017,Percentage,81.2
Israel,Foreign-born,Total,2018,Percentage,81.2
Israel,Foreign-born,Total,2019,Percentage,81.6
Israel,Foreign-born,Low,2015,Percentage,65.0
Israel,Foreign-born,Low,2016,Percentage,85.4
Israel,Foreign-born,Low,2017,Percentage,66.2
Israel,Foreign-born,Low,2018,Percentage,65.5
Israel,Foreign-born,Low,2019,Percentage,66.1
Israel,Foreign-born,Medium,2015,Percentage,76.7
Israel,Foreign-born,Medium,2016,Percentage,89.6
Israel,Foreign-born,Medium,2017,Percentage,77.8
Israel,Foreign-born,Medium,2018,Percentage,76.6
Israel,Foreign-born,Medium,2019,Percentage,78.4
Israel,Foreign-born,High,2015,Percentage,84.5
Israel,Foreign-born,High,2016,Percentage,65.1
Israel,Foreign-born,High,2017,Percentage,85.1
Israel,Foreign-born,High,2018,Percentage,85.8
Israel,Foreign-born,High,2019,Percentage,85.5
Slovenia,Foreign-born,Total,2015,Percentage,64.0
Slovenia,Foreign-born,Total,2016,Percentage,64.6
Slovenia,Foreign-born,Total,2017,Percentage,68.6
Slovenia,Foreign-born,Total,2018,Percentage,70.0
Slovenia,Foreign-born,Total,2019,Percentage,71.0
Slovenia,Foreign-born,Low,2015,Percentage,49.2
Slovenia,Foreign-born,Low,2016,Percentage,53.2
Slovenia,Foreign-born,Low,2017,Percentage,53.8
Slovenia,Foreign-born,Low,2018,Percentage,56.6
Slovenia,Foreign-born,Low,2019,Percentage,55.3
Slovenia,Foreign-born,Medium,2015,Percentage,68.7
Slovenia,Foreign-born,Medium,2016,Percentage,66.3
Slovenia,Foreign-born,Medium,2017,Percentage,70.4
Slovenia,Foreign-born,Medium,2018,Percentage,72.9
Slovenia,Foreign-born,Medium,2019,Percentage,74.9
Slovenia,Foreign-born,High,2015,Percentage,74.4
Slovenia,Foreign-born,High,2016,Percentage,78.6
Slovenia,Foreign-born,High,2017,Percentage,81.0
Slovenia,Foreign-born,High,2018,Percentage,79.8
Slovenia,Foreign-born,High,2019,Percentage,82.3
Australia,Native-born,Total,2015,Percentage,77.2
Australia,Native-born,Total,2016,Percentage,77.6
Australia,Native-born,Total,2017,Percentage,78.1
Australia,Native-born,Total,2018,Percentage,78.6
Australia,Native-born,Total,2019,Percentage,79.3
Austria,Native-born,Total,2015,Percentage,77.4
Austria,Native-born,Total,2016,Percentage,78.2
Austria,Native-born,Total,2017,Percentage,78.7
Austria,Native-born,Total,2018,Percentage,79.3
Austria,Native-born,Total,2019,Percentage,79.5
Austria,Native-born,Low,2015,Percentage,53.8
Austria,Native-born,Low,2016,Percentage,56.1
Austria,Native-born,Low,2017,Percentage,55.8
Austria,Native-born,Low,2018,Percentage,54.6
Austria,Native-born,Low,2019,Percentage,55.5
Austria,Native-born,Medium,2015,Percentage,76.7
Austria,Native-born,Medium,2016,Percentage,76.8
Austria,Native-born,Medium,2017,Percentage,77.5
Austria,Native-born,Medium,2018,Percentage,78.4
Austria,Native-born,Medium,2019,Percentage,78.4
Austria,Native-born,High,2015,Percentage,88.0
Austria,Native-born,High,2016,Percentage,89.1
Austria,Native-born,High,2017,Percentage,88.9
Austria,Native-born,High,2018,Percentage,89.4
Austria,Native-born,High,2019,Percentage,89.0
Belgium,Native-born,Total,2015,Percentage,73.3
Belgium,Native-born,Total,2016,Percentage,73.9
Belgium,Native-born,Total,2017,Percentage,74.7
Belgium,Native-born,Total,2018,Percentage,75.5
Belgium,Native-born,Total,2019,Percentage,76.8
Belgium,Native-born,Low,2015,Percentage,48.6
Belgium,Native-born,Low,2016,Percentage,48.0
Belgium,Native-born,Low,2017,Percentage,49.1
Belgium,Native-born,Low,2018,Percentage,48.0
Belgium,Native-born,Low,2019,Percentage,50.7
Belgium,Native-born,Medium,2015,Percentage,74.2
Belgium,Native-born,Medium,2016,Percentage,75.0
Belgium,Native-born,Medium,2017,Percentage,74.7
Belgium,Native-born,Medium,2018,Percentage,76.1
Belgium,Native-born,Medium,2019,Percentage,77.0
Belgium,Native-born,High,2015,Percentage,86.8
Belgium,Native-born,High,2016,Percentage,87.5
Belgium,Native-born,High,2017,Percentage,88.4
Belgium,Native-born,High,2018,Percentage,88.3
Belgium,Native-born,High,2019,Percentage,89.2
Czech Republic,Native-born,Total,2015,Percentage,78.0
Czech Republic,Native-born,Total,2016,Percentage,79.8
Czech Republic,Native-born,Total,2017,Percentage,81.5
Czech Republic,Native-born,Total,2018,Percentage,82.3
Czech Republic,Native-born,Total,2019,Percentage,82.7
Czech Republic,Native-born,Low,2015,Percentage,40.0
Czech Republic,Native-born,Low,2016,Percentage,47.5
Czech Republic,Native-born,Low,2017,Percentage,49.9
Czech Republic,Native-born,Low,2018,Percentage,50.3
Czech Republic,Native-born,Low,2019,Percentage,55.4
Czech Republic,Native-born,Medium,2015,Percentage,79.4
Czech Republic,Native-born,Medium,2016,Percentage,80.9
Czech Republic,Native-born,Medium,2017,Percentage,82.2
Czech Republic,Native-born,Medium,2018,Percentage,83.2
Czech Republic,Native-born,Medium,2019,Percentage,83.9
Czech Republic,Native-born,High,2015,Percentage,85.2
Czech Republic,Native-born,High,2016,Percentage,85.1
Czech Republic,Native-born,High,2017,Percentage,87.5
Czech Republic,Native-born,High,2018,Percentage,87.7
Czech Republic,Native-born,High,2019,Percentage,85.9
Denmark,Native-born,Total,2015,Percentage,80.2
Denmark,Native-born,Total,2016,Percentage,81.0
Denmark,Native-born,Total,2017,Percentage,80.9
Denmark,Native-born,Total,2018,Percentage,82.1
Denmark,Native-born,Total,2019,Percentage,81.6
Denmark,Native-born,Low,2015,Percentage,62.5
Denmark,Native-born,Low,2016,Percentage,65.1
Denmark,Native-born,Low,2017,Percentage,63.8
Denmark,Native-born,Low,2018,Percentage,63.9
Denmark,Native-born,Low,2019,Percentage,61.9
Denmark,Native-born,Medium,2015,Percentage,81.8
Denmark,Native-born,Medium,2016,Percentage,82.6
Denmark,Native-born,Medium,2017,Percentage,82.5
Denmark,Native-born,Medium,2018,Percentage,83.7
Denmark,Native-born,Medium,2019,Percentage,83.4
Denmark,Native-born,High,2015,Percentage,87.9
Denmark,Native-born,High,2016,Percentage,87.6
Denmark,Native-born,High,2017,Percentage,87.7
Denmark,Native-born,High,2018,Percentage,88.8
Denmark,Native-born,High,2019,Percentage,88.8
Finland,Native-born,Total,2015,Percentage,75.4
Finland,Native-born,Total,2016,Percentage,75.8
Finland,Native-born,Total,2017,Percentage,76.3
Finland,Native-born,Total,2018,Percentage,78.8
Finland,Native-born,Total,2019,Percentage,79.5
Finland,Native-born,Low,2015,Percentage,53.3
Finland,Native-born,Low,2016,Percentage,52.5
Finland,Native-born,Low,2017,Percentage,52.9
Finland,Native-born,Low,2018,Percentage,54.0
Finland,Native-born,Low,2019,Percentage,56.4
Finland,Native-born,Medium,2015,Percentage,73.0
Finland,Native-born,Medium,2016,Percentage,73.3
Finland,Native-born,Medium,2017,Percentage,74.1
Finland,Native-born,Medium,2018,Percentage,75.6
Finland,Native-born,Medium,2019,Percentage,76.4
Finland,Native-born,High,2015,Percentage,83.6
Finland,Native-born,High,2016,Percentage,83.5
Finland,Native-born,High,2017,Percentage,84.2
Finland,Native-born,High,2018,Percentage,87.1
Finland,Native-born,High,2019,Percentage,86.8
France,Native-born,Total,2015,Percentage,73.8
France,Native-born,Total,2016,Percentage,74.4
France,Native-born,Total,2017,Percentage,74.7
France,Native-born,Total,2018,Percentage,75.0
France,Native-born,Total,2019,Percentage,75.9
France,Native-born,Low,2015,Percentage,53.0
France,Native-born,Low,2016,Percentage,53.8
France,Native-born,Low,2017,Percentage,54.1
France,Native-born,Low,2018,Percentage,52.8
France,Native-born,Low,2019,Percentage,54.7
France,Native-born,Medium,2015,Percentage,73.6
France,Native-born,Medium,2016,Percentage,74.2
France,Native-born,Medium,2017,Percentage,73.5
France,Native-born,Medium,2018,Percentage,74.3
France,Native-born,Medium,2019,Percentage,73.6
France,Native-born,High,2015,Percentage,86.1
France,Native-born,High,2016,Percentage,86.5
France,Native-born,High,2017,Percentage,87.0
France,Native-born,High,2018,Percentage,86.3
France,Native-born,High,2019,Percentage,87.8
Germany,Native-born,Total,2015,Percentage,81.2
Germany,Native-born,Total,2016,Percentage,82.2
Germany,Native-born,Total,2017,Percentage,83.2
Germany,Native-born,Total,2018,Percentage,83.7
Germany,Native-born,Total,2019,Percentage,84.3
Germany,Native-born,Low,2015,Percentage,58.4
Germany,Native-born,Low,2016,Percentage,59.9
Germany,Native-born,Low,2017,Percentage,61.3
Germany,Native-born,Low,2018,Percentage,62.5
Germany,Native-born,Low,2019,Percentage,62.8
Germany,Native-born,Medium,2015,Percentage,80.4
Germany,Native-born,Medium,2016,Percentage,81.6
Germany,Native-born,Medium,2017,Percentage,82.4
Germany,Native-born,Medium,2018,Percentage,83.0
Germany,Native-born,Medium,2019,Percentage,83.6
Germany,Native-born,High,2015,Percentage,90.1
Germany,Native-born,High,2016,Percentage,90.3
Germany,Native-born,High,2017,Percentage,91.1
Germany,Native-born,High,2018,Percentage,90.9
Germany,Native-born,High,2019,Percentage,91.4
Greece,Native-born,Total,2015,Percentage,57.9
Greece,Native-born,Total,2016,Percentage,59.4
Greece,Native-born,Total,2017,Percentage,61.0
Greece,Native-born,Total,2018,Percentage,63.0
Greece,Native-born,Total,2019,Percentage,65.0
Greece,Native-born,Low,2015,Percentage,47.0
Greece,Native-born,Low,2016,Percentage,46.4
Greece,Native-born,Low,2017,Percentage,48.4
Greece,Native-born,Low,2018,Percentage,49.6
Greece,Native-born,Low,2019,Percentage,49.5
Greece,Native-born,Medium,2015,Percentage,56.8
Greece,Native-born,Medium,2016,Percentage,58.7
Greece,Native-born,Medium,2017,Percentage,59.9
Greece,Native-born,Medium,2018,Percentage,61.5
Greece,Native-born,Medium,2019,Percentage,63.5
Greece,Native-born,High,2015,Percentage,69.4
Greece,Native-born,High,2016,Percentage,71.1
Greece,Native-born,High,2017,Percentage,72.7
Greece,Native-born,High,2018,Percentage,75.0
Greece,Native-born,High,2019,Percentage,77.0
Hungary,Native-born,Total,2015,Percentage,71.6
Hungary,Native-born,Total,2016,Percentage,74.0
Hungary,Native-born,Total,2017,Percentage,75.7
Hungary,Native-born,Total,2018,Percentage,77.0
Hungary,Native-born,Total,2019,Percentage,77.9
Hungary,Native-born,Low,2015,Percentage,47.9
Hungary,Native-born,Low,2016,Percentage,51.4
Hungary,Native-born,Low,2017,Percentage,54.7
Hungary,Native-born,Low,2018,Percentage,56.6
Hungary,Native-born,Low,2019,Percentage,56.5
Hungary,Native-born,Medium,2015,Percentage,73.7
Hungary,Native-born,Medium,2016,Percentage,76.0
Hungary,Native-born,Medium,2017,Percentage,77.5
Hungary,Native-born,Medium,2018,Percentage,78.4
Hungary,Native-born,Medium,2019,Percentage,79.9
Hungary,Native-born,High,2015,Percentage,83.1
Hungary,Native-born,High,2016,Percentage,84.9
Hungary,Native-born,High,2017,Percentage,85.2
Hungary,Native-born,High,2018,Percentage,85.9
Hungary,Native-born,High,2019,Percentage,85.7
Iceland,Native-born,Total,2015,Percentage,87.5
Iceland,Native-born,Total,2016,Percentage,88.5
Iceland,Native-born,Total,2017,Percentage,88.0
Iceland,Native-born,Total,2018,Percentage,87.2
Iceland,Native-born,Total,2019,Percentage,86.8
Iceland,Native-born,Low,2015,Percentage,78.4
Iceland,Native-born,Low,2016,Percentage,77.7
Iceland,Native-born,Low,2017,Percentage,76.1
Iceland,Native-born,Low,2018,Percentage,76.3
Iceland,Native-born,Low,2019,Percentage,76.0
Iceland,Native-born,Medium,2015,Percentage,88.9
Iceland,Native-born,Medium,2016,Percentage,89.1
Iceland,Native-born,Medium,2017,Percentage,89.6
Iceland,Native-born,Medium,2018,Percentage,87.3
Iceland,Native-born,Medium,2019,Percentage,87.0
Iceland,Native-born,High,2015,Percentage,92.4
Iceland,Native-born,High,2016,Percentage,94.0
Iceland,Native-born,High,2017,Percentage,93.2
Iceland,Native-born,High,2018,Percentage,92.9
Iceland,Native-born,High,2019,Percentage,91.9
Ireland,Native-born,Total,2015,Percentage,71.1
Ireland,Native-born,Total,2016,Percentage,72.1
Ireland,Native-born,Total,2017,Percentage,74.1
Ireland,Native-born,Total,2018,Percentage,75.4
Ireland,Native-born,Total,2019,Percentage,76.3
Ireland,Native-born,Low,2015,Percentage,48.6
Ireland,Native-born,Low,2016,Percentage,49.3
Ireland,Native-born,Low,2017,Percentage,51.1
Ireland,Native-born,Low,2018,Percentage,52.1
Ireland,Native-born,Low,2019,Percentage,53.0
Ireland,Native-born,Medium,2015,Percentage,69.7
Ireland,Native-born,Medium,2016,Percentage,71.4
Ireland,Native-born,Medium,2017,Percentage,72.4
Ireland,Native-born,Medium,2018,Percentage,74.0
Ireland,Native-born,Medium,2019,Percentage,75.0
Ireland,Native-born,High,2015,Percentage,84.8
Ireland,Native-born,High,2016,Percentage,85.2
Ireland,Native-born,High,2017,Percentage,86.6
Ireland,Native-born,High,2018,Percentage,86.9
Ireland,Native-born,High,2019,Percentage,87.3
Italy,Native-born,Total,2015,Percentage,63.6
Italy,Native-born,Total,2016,Percentage,64.6
Italy,Native-born,Total,2017,Percentage,65.4
Italy,Native-born,Total,2018,Percentage,66.0
Italy,Native-born,Total,2019,Percentage,66.5
Italy,Native-born,Low,2015,Percentage,48.6
Italy,Native-born,Low,2016,Percentage,49.4
Italy,Native-born,Low,2017,Percentage,49.9
Italy,Native-born,Low,2018,Percentage,50.4
Italy,Native-born,Low,2019,Percentage,50.6
Italy,Native-born,Medium,2015,Percentage,70.6
Italy,Native-born,Medium,2016,Percentage,71.1
Italy,Native-born,Medium,2017,Percentage,71.5
Italy,Native-born,Medium,2018,Percentage,71.5
Italy,Native-born,Medium,2019,Percentage,72.1
Italy,Native-born,High,2015,Percentage,79.6
Italy,Native-born,High,2016,Percentage,81.2
Italy,Native-born,High,2017,Percentage,81.9
Italy,Native-born,High,2018,Percentage,82.2
Italy,Native-born,High,2019,Percentage,82.7
Luxembourg,Native-born,Total,2015,Percentage,74.1
Luxembourg,Native-born,Total,2016,Percentage,75.3
Luxembourg,Native-born,Total,2017,Percentage,73.8
Luxembourg,Native-born,Total,2018,Percentage,73.9
Luxembourg,Native-born,Total,2019,Percentage,74.7
Luxembourg,Native-born,Low,2015,Percentage,56.2
Luxembourg,Native-born,Low,2016,Percentage,54.8
Luxembourg,Native-born,Low,2017,Percentage,51.2
Luxembourg,Native-born,Low,2018,Percentage,54.7
Luxembourg,Native-born,Low,2019,Percentage,54.6
Luxembourg,Native-born,Medium,2015,Percentage,73.6
Luxembourg,Native-born,Medium,2016,Percentage,75.7
Luxembourg,Native-born,Medium,2017,Percentage,75.2
Luxembourg,Native-born,Medium,2018,Percentage,72.7
Luxembourg,Native-born,Medium,2019,Percentage,74.4
Luxembourg,Native-born,High,2015,Percentage,87.4
Luxembourg,Native-born,High,2016,Percentage,89.0
Luxembourg,Native-born,High,2017,Percentage,88.0
Luxembourg,Native-born,High,2018,Percentage,88.6
Luxembourg,Native-born,High,2019,Percentage,87.7
Mexico,Native-born,Total,2015,Percentage,68.1
Mexico,Native-born,Total,2016,Percentage,68.5
Mexico,Native-born,Total,2017,Percentage,68.5
Mexico,Native-born,Total,2018,Percentage,68.9
Mexico,Native-born,Total,2019,Percentage,69.5
Mexico,Native-born,Low,2016,Percentage,64.9
Mexico,Native-born,Low,2017,Percentage,64.6
Mexico,Native-born,Low,2018,Percentage,65.1
Mexico,Native-born,Low,2019,Percentage,65.6
Mexico,Native-born,Medium,2016,Percentage,72.4
Mexico,Native-born,Medium,2017,Percentage,70.6
Mexico,Native-born,Medium,2018,Percentage,71.0
Mexico,Native-born,Medium,2019,Percentage,71.6
Mexico,Native-born,High,2016,Percentage,80.2
Mexico,Native-born,High,2017,Percentage,80.0
Mexico,Native-born,High,2018,Percentage,79.7
Mexico,Native-born,High,2019,Percentage,79.8
Netherlands,Native-born,Total,2015,Percentage,79.8
Netherlands,Native-born,Total,2016,Percentage,80.6
Netherlands,Native-born,Total,2017,Percentage,81.6
Netherlands,Native-born,Total,2018,Percentage,82.9
Netherlands,Native-born,Total,2019,Percentage,83.7
Netherlands,Native-born,Low,2015,Percentage,63.2
Netherlands,Native-born,Low,2016,Percentage,63.4
Netherlands,Native-born,Low,2017,Percentage,64.0
Netherlands,Native-born,Low,2018,Percentage,66.2
Netherlands,Native-born,Low,2019,Percentage,67.0
Netherlands,Native-born,Medium,2015,Percentage,80.0
Netherlands,Native-born,Medium,2016,Percentage,81.1
Netherlands,Native-born,Medium,2017,Percentage,82.1
Netherlands,Native-born,Medium,2018,Percentage,83.1
Netherlands,Native-born,Medium,2019,Percentage,83.6
Netherlands,Native-born,High,2015,Percentage,89.1
Netherlands,Native-born,High,2016,Percentage,89.6
Netherlands,Native-born,High,2017,Percentage,89.9
Netherlands,Native-born,High,2018,Percentage,90.6
Netherlands,Native-born,High,2019,Percentage,90.9
New Zealand,Native-born,Total,2015,Percentage,81.1
New Zealand,Native-born,Total,2016,Percentage,82.5
New Zealand,Native-born,Low,2015,Percentage,66.8
New Zealand,Native-born,Low,2016,Percentage,68.8
New Zealand,Native-born,Medium,2015,Percentage,81.8
New Zealand,Native-born,Medium,2016,Percentage,83.4
New Zealand,Native-born,High,2015,Percentage,89.3
New Zealand,Native-born,High,2016,Percentage,89.8
Norway,Native-born,Total,2015,Percentage,82.2
Norway,Native-born,Total,2016,Percentage,81.9
Norway,Native-born,Total,2017,Percentage,81.5
Norway,Native-born,Total,2018,Percentage,82.7
Norway,Native-born,Total,2019,Percentage,83.0
Norway,Native-born,Low,2015,Percentage,62.9
Norway,Native-born,Low,2016,Percentage,61.1
Norway,Native-born,Low,2017,Percentage,62.4
Norway,Native-born,Low,2018,Percentage,62.7
Norway,Native-born,Low,2019,Percentage,63.6
Norway,Native-born,Medium,2015,Percentage,81.6
Norway,Native-born,Medium,2016,Percentage,81.2
Norway,Native-born,Medium,2017,Percentage,80.5
Norway,Native-born,Medium,2018,Percentage,82.4
Norway,Native-born,Medium,2019,Percentage,81.8
Norway,Native-born,High,2015,Percentage,90.2
Norway,Native-born,High,2016,Percentage,90.3
Norway,Native-born,High,2017,Percentage,89.7
Norway,Native-born,High,2018,Percentage,90.1
Norway,Native-born,High,2019,Percentage,90.9
Poland,Native-born,Total,2015,Percentage,70.3
Poland,Native-born,Total,2016,Percentage,71.5
Poland,Native-born,Total,2017,Percentage,72.9
Poland,Native-born,Total,2018,Percentage,73.9
Poland,Native-born,Total,2019,Percentage,74.6
Poland,Native-born,Low,2015,Percentage,40.8
Poland,Native-born,Low,2016,Percentage,40.7
Poland,Native-born,Low,2017,Percentage,41.7
Poland,Native-born,Low,2018,Percentage,43.1
Poland,Native-born,Low,2019,Percentage,45.1
Poland,Native-born,Medium,2015,Percentage,67.3
Poland,Native-born,Medium,2016,Percentage,68.5
Poland,Native-born,Medium,2017,Percentage,69.6
Poland,Native-born,Medium,2018,Percentage,70.3
Poland,Native-born,Medium,2019,Percentage,70.7
Poland,Native-born,High,2015,Percentage,87.2
Poland,Native-born,High,2016,Percentage,87.5
Poland,Native-born,High,2017,Percentage,88.2
Poland,Native-born,High,2018,Percentage,88.8
Poland,Native-born,High,2019,Percentage,89.0
Portugal,Native-born,Total,2015,Percentage,71.7
Portugal,Native-born,Total,2016,Percentage,73.1
Portugal,Native-born,Total,2017,Percentage,75.7
Portugal,Native-born,Total,2018,Percentage,77.9
Portugal,Native-born,Total,2019,Percentage,78.7
Portugal,Native-born,Low,2015,Percentage,64.1
Portugal,Native-born,Low,2016,Percentage,65.3
Portugal,Native-born,Low,2017,Percentage,68.1
Portugal,Native-born,Low,2018,Percentage,69.7
Portugal,Native-born,Low,2019,Percentage,69.7
Portugal,Native-born,Medium,2015,Percentage,79.1
Portugal,Native-born,Medium,2016,Percentage,79.4
Portugal,Native-born,Medium,2017,Percentage,82.1
Portugal,Native-born,Medium,2018,Percentage,84.5
Portugal,Native-born,Medium,2019,Percentage,85.6
Portugal,Native-born,High,2015,Percentage,84.2
Portugal,Native-born,High,2016,Percentage,85.6
Portugal,Native-born,High,2017,Percentage,87.3
Portugal,Native-born,High,2018,Percentage,89.1
Portugal,Native-born,High,2019,Percentage,89.6
Slovak Republic,Native-born,Total,2015,Percentage,71.0
Slovak Republic,Native-born,Total,2016,Percentage,72.8
Slovak Republic,Native-born,Total,2017,Percentage,73.8
Slovak Republic,Native-born,Total,2018,Percentage,75.1
Slovak Republic,Native-born,Total,2019,Percentage,76.2
Slovak Republic,Native-born,Low,2015,Percentage,34.2
Slovak Republic,Native-born,Low,2016,Percentage,37.1
Slovak Republic,Native-born,Low,2017,Percentage,38.8
Slovak Republic,Native-born,Low,2018,Percentage,37.8
Slovak Republic,Native-born,Low,2019,Percentage,37.5
Slovak Republic,Native-born,Medium,2015,Percentage,72.7
Slovak Republic,Native-born,Medium,2016,Percentage,74.3
Slovak Republic,Native-born,Medium,2017,Percentage,75.4
Slovak Republic,Native-born,Medium,2018,Percentage,76.9
Slovak Republic,Native-born,Medium,2019,Percentage,78.3
Slovak Republic,Native-born,High,2015,Percentage,80.3
Slovak Republic,Native-born,High,2016,Percentage,81.3
Slovak Republic,Native-born,High,2017,Percentage,82.0
Slovak Republic,Native-born,High,2018,Percentage,82.7
Slovak Republic,Native-born,High,2019,Percentage,83.9
Spain,Native-born,Total,2015,Percentage,65.6
Spain,Native-born,Total,2016,Percentage,67.4
Spain,Native-born,Total,2017,Percentage,68.8
Spain,Native-born,Total,2018,Percentage,70.0
Spain,Native-born,Total,2019,Percentage,71.1
Spain,Native-born,Low,2015,Percentage,50.8
Spain,Native-born,Low,2016,Percentage,53.4
Spain,Native-born,Low,2017,Percentage,55.0
Spain,Native-born,Low,2018,Percentage,56.4
Spain,Native-born,Low,2019,Percentage,57.0
Spain,Native-born,Medium,2015,Percentage,69.5
Spain,Native-born,Medium,2016,Percentage,70.5
Spain,Native-born,Medium,2017,Percentage,70.4
Spain,Native-born,Medium,2018,Percentage,71.4
Spain,Native-born,Medium,2019,Percentage,72.8
Spain,Native-born,High,2015,Percentage,79.9
Spain,Native-born,High,2016,Percentage,80.7
Spain,Native-born,High,2017,Percentage,81.9
Spain,Native-born,High,2018,Percentage,82.7
Spain,Native-born,High,2019,Percentage,83.1
Sweden,Native-born,Total,2015,Percentage,87.0
Sweden,Native-born,Total,2016,Percentage,87.5
Sweden,Native-born,Total,2017,Percentage,88.1
Sweden,Native-born,Total,2018,Percentage,89.0
Sweden,Native-born,Total,2019,Percentage,88.7
Sweden,Native-born,Low,2015,Percentage,71.2
Sweden,Native-born,Low,2016,Percentage,70.7
Sweden,Native-born,Low,2017,Percentage,72.1
Sweden,Native-born,Low,2018,Percentage,73.0
Sweden,Native-born,Low,2019,Percentage,72.6
Sweden,Native-born,Medium,2015,Percentage,86.6
Sweden,Native-born,Medium,2016,Percentage,87.0
Sweden,Native-born,Medium,2017,Percentage,87.6
Sweden,Native-born,Medium,2018,Percentage,88.4
Sweden,Native-born,Medium,2019,Percentage,87.6
Sweden,Native-born,High,2015,Percentage,92.4
Sweden,Native-born,High,2016,Percentage,92.9
Sweden,Native-born,High,2017,Percentage,92.8
Sweden,Native-born,High,2018,Percentage,93.3
Sweden,Native-born,High,2019,Percentage,93.3
Switzerland,Native-born,Total,2015,Percentage,85.6
Switzerland,Native-born,Total,2016,Percentage,85.9
Switzerland,Native-born,Total,2017,Percentage,86.1
Switzerland,Native-born,Total,2018,Percentage,86.2
Switzerland,Native-born,Total,2019,Percentage,86.8
Switzerland,Native-born,Low,2015,Percentage,66.4
Switzerland,Native-born,Low,2016,Percentage,66.8
Switzerland,Native-born,Low,2017,Percentage,67.0
Switzerland,Native-born,Low,2018,Percentage,65.5
Switzerland,Native-born,Low,2019,Percentage,65.7
Switzerland,Native-born,Medium,2015,Percentage,83.5
Switzerland,Native-born,Medium,2016,Percentage,83.4
Switzerland,Native-born,Medium,2017,Percentage,83.3
Switzerland,Native-born,Medium,2018,Percentage,83.1
Switzerland,Native-born,Medium,2019,Percentage,84.0
Switzerland,Native-born,High,2015,Percentage,91.3
Switzerland,Native-born,High,2016,Percentage,91.8
Switzerland,Native-born,High,2017,Percentage,91.9
Switzerland,Native-born,High,2018,Percentage,92.0
Switzerland,Native-born,High,2019,Percentage,92.3
United Kingdom,Native-born,Total,2015,Percentage,78.5
United Kingdom,Native-born,Total,2016,Percentage,79.1
United Kingdom,Native-born,Total,2017,Percentage,79.8
United Kingdom,Native-born,Total,2018,Percentage,80.2
United Kingdom,Native-born,Total,2019,Percentage,80.8
United Kingdom,Native-born,Low,2015,Percentage,62.3
United Kingdom,Native-born,Low,2016,Percentage,65.2
United Kingdom,Native-born,Low,2017,Percentage,67.2
United Kingdom,Native-born,Low,2018,Percentage,67.7
United Kingdom,Native-born,Low,2019,Percentage,67.3
United Kingdom,Native-born,Medium,2015,Percentage,79.3
United Kingdom,Native-born,Medium,2016,Percentage,80.1
United Kingdom,Native-born,Medium,2017,Percentage,80.7
United Kingdom,Native-born,Medium,2018,Percentage,81.0
United Kingdom,Native-born,Medium,2019,Percentage,81.4
United Kingdom,Native-born,High,2015,Percentage,87.2
United Kingdom,Native-born,High,2016,Percentage,86.8
United Kingdom,Native-born,High,2017,Percentage,86.4
United Kingdom,Native-born,High,2018,Percentage,87.1
United Kingdom,Native-born,High,2019,Percentage,87.6
United States,Native-born,Total,2015,Percentage,73.7
United States,Native-born,Total,2016,Percentage,74.3
United States,Native-born,Total,2017,Percentage,74.9
United States,Native-born,Total,2018,Percentage,75.8
United States,Native-born,Total,2019,Percentage,76.3
United States,Native-born,Low,2015,Percentage,46.2
United States,Native-born,Low,2016,Percentage,47.5
United States,Native-born,Low,2017,Percentage,47.4
United States,Native-born,Low,2018,Percentage,49.0
United States,Native-born,Low,2019,Percentage,49.5
United States,Native-born,Medium,2015,Percentage,69.1
United States,Native-born,Medium,2016,Percentage,69.7
United States,Native-born,Medium,2017,Percentage,70.2
United States,Native-born,Medium,2018,Percentage,70.7
United States,Native-born,Medium,2019,Percentage,71.3
United States,Native-born,High,2015,Percentage,82.3
United States,Native-born,High,2016,Percentage,82.5
United States,Native-born,High,2017,Percentage,83.0
United States,Native-born,High,2018,Percentage,83.7
United States,Native-born,High,2019,Percentage,83.9
Chile,Native-born,Total,2015,Percentage,70.0
Chile,Native-born,Total,2017,Percentage,70.6
Chile,Native-born,Low,2015,Percentage,60.8
Chile,Native-born,Low,2017,Percentage,61.2
Chile,Native-born,Medium,2015,Percentage,73.9
Chile,Native-born,Medium,2017,Percentage,74.1
Chile,Native-born,High,2015,Percentage,82.1
Chile,Native-born,High,2017,Percentage,82.2
Estonia,Native-born,Total,2015,Percentage,79.6
Estonia,Native-born,Total,2016,Percentage,79.2
Estonia,Native-born,Total,2017,Percentage,81.1
Estonia,Native-born,Total,2018,Percentage,81.7
Estonia,Native-born,Total,2019,Percentage,82.1
Estonia,Native-born,Low,2015,Percentage,58.8
Estonia,Native-born,Low,2016,Percentage,61.9
Estonia,Native-born,Low,2017,Percentage,65.5
Estonia,Native-born,Low,2018,Percentage,66.2
Estonia,Native-born,Low,2019,Percentage,62.3
Estonia,Native-born,Medium,2015,Percentage,78.8
Estonia,Native-born,Medium,2016,Percentage,77.8
Estonia,Native-born,Medium,2017,Percentage,79.9
Estonia,Native-born,Medium,2018,Percentage,81.5
Estonia,Native-born,Medium,2019,Percentage,81.9
Estonia,Native-born,High,2015,Percentage,87.4
Estonia,Native-born,High,2016,Percentage,86.4
Estonia,Native-born,High,2017,Percentage,87.1
Estonia,Native-born,High,2018,Percentage,86.3
Estonia,Native-born,High,2019,Percentage,87.5
Israel,Native-born,Total,2015,Percentage,75.0
Israel,Native-born,Total,2016,Percentage,75.1
Israel,Native-born,Total,2017,Percentage,75.7
Israel,Native-born,Total,2018,Percentage,76.3
Israel,Native-born,Total,2019,Percentage,76.5
Israel,Native-born,Low,2015,Percentage,43.5
Israel,Native-born,Low,2016,Percentage,43.0
Israel,Native-born,Low,2017,Percentage,44.6
Israel,Native-born,Low,2018,Percentage,45.2
Israel,Native-born,Low,2019,Percentage,45.0
Israel,Native-born,Medium,2015,Percentage,72.4
Israel,Native-born,Medium,2016,Percentage,71.4
Israel,Native-born,Medium,2017,Percentage,71.6
Israel,Native-born,Medium,2018,Percentage,72.1
Israel,Native-born,Medium,2019,Percentage,72.0
Israel,Native-born,High,2015,Percentage,87.5
Israel,Native-born,High,2016,Percentage,87.7
Israel,Native-born,High,2017,Percentage,87.8
Israel,Native-born,High,2018,Percentage,88.5
Israel,Native-born,High,2019,Percentage,88.5
Slovenia,Native-born,Total,2015,Percentage,72.3
Slovenia,Native-born,Total,2016,Percentage,73.2
Slovenia,Native-born,Total,2017,Percentage,76.0
Slovenia,Native-born,Total,2018,Percentage,78.1
Slovenia,Native-born,Total,2019,Percentage,79.4
Slovenia,Native-born,Low,2015,Percentage,48.9
Slovenia,Native-born,Low,2016,Percentage,43.8
Slovenia,Native-born,Low,2017,Percentage,48.4
Slovenia,Native-born,Low,2018,Percentage,49.5
Slovenia,Native-born,Low,2019,Percentage,48.9
Slovenia,Native-born,Medium,2015,Percentage,69.8
Slovenia,Native-born,Medium,2016,Percentage,71.7
Slovenia,Native-born,Medium,2017,Percentage,74.1
Slovenia,Native-born,Medium,2018,Percentage,76.3
Slovenia,Native-born,Medium,2019,Percentage,77.1
Slovenia,Native-born,High,2015,Percentage,84.9
Slovenia,Native-born,High,2016,Percentage,85.6
Slovenia,Native-born,High,2017,Percentage,87.6
Slovenia,Native-born,High,2018,Percentage,89.5
Slovenia,Native-born,High,2019,Percentage,90.8
Trkiye,Foreign-born,Total,2015,Percentage,46.2
Trkiye,Foreign-born,Low,2015,Percentage,36.0
Trkiye,Foreign-born,Medium,2015,Percentage,49.8
Trkiye,Foreign-born,High,2015,Percentage,60.6
Trkiye,Native-born,Total,2015,Percentage,55.2
Trkiye,Native-born,Low,2015,Percentage,47.9
Trkiye,Native-born,Medium,2015,Percentage,62.5
Trkiye,Native-born,High,2015,Percentage,76.7
Latvia,Foreign-born,Total,2015,Percentage,64.9
Latvia,Foreign-born,Total,2016,Percentage,64.8
Latvia,Foreign-born,Total,2017,Percentage,68.1
Latvia,Foreign-born,Total,2018,Percentage,72.3
Latvia,Foreign-born,Total,2019,Percentage,69.7
Latvia,Foreign-born,Low,2015,Percentage,45.4
Latvia,Foreign-born,Low,2016,Percentage,50.7
Latvia,Foreign-born,Low,2017,Percentage,36.1
Latvia,Foreign-born,Low,2018,Percentage,55.8
Latvia,Foreign-born,Low,2019,Percentage,33.7
Latvia,Foreign-born,Medium,2015,Percentage,62.1
Latvia,Foreign-born,Medium,2016,Percentage,61.3
Latvia,Foreign-born,Medium,2017,Percentage,65.7
Latvia,Foreign-born,Medium,2018,Percentage,70.4
Latvia,Foreign-born,Medium,2019,Percentage,67.8
Latvia,Foreign-born,High,2015,Percentage,73.9
Latvia,Foreign-born,High,2016,Percentage,73.7
Latvia,Foreign-born,High,2017,Percentage,80.3
Latvia,Foreign-born,High,2018,Percentage,79.6
Latvia,Foreign-born,High,2019,Percentage,81.0
Lithuania,Foreign-born,Total,2015,Percentage,69.5
Lithuania,Foreign-born,Total,2016,Percentage,70.6
Lithuania,Foreign-born,Total,2017,Percentage,71.8
Lithuania,Foreign-born,Total,2018,Percentage,72.9
Lithuania,Foreign-born,Total,2019,Percentage,73.7
Lithuania,Foreign-born,Low,2016,Percentage,51.3
Lithuania,Foreign-born,Low,2017,Percentage,55.6
Lithuania,Foreign-born,Low,2018,Percentage,49.9
Lithuania,Foreign-born,Low,2019,Percentage,52.5
Lithuania,Foreign-born,Medium,2015,Percentage,66.8
Lithuania,Foreign-born,Medium,2016,Percentage,63.8
Lithuania,Foreign-born,Medium,2017,Percentage,66.8
Lithuania,Foreign-born,Medium,2018,Percentage,69.3
Lithuania,Foreign-born,Medium,2019,Percentage,69.3
Lithuania,Foreign-born,High,2015,Percentage,80.9
Lithuania,Foreign-born,High,2016,Percentage,84.4
Lithuania,Foreign-born,High,2017,Percentage,81.3
Lithuania,Foreign-born,High,2018,Percentage,81.7
Lithuania,Foreign-born,High,2019,Percentage,83.7
Latvia,Native-born,Total,2015,Percentage,75.6
Latvia,Native-born,Total,2016,Percentage,76.5
Latvia,Native-born,Total,2017,Percentage,77.6
Latvia,Native-born,Total,2018,Percentage,78.7
Latvia,Native-born,Total,2019,Percentage,80.3
Latvia,Native-born,Low,2015,Percentage,53.9
Latvia,Native-born,Low,2016,Percentage,57.1
Latvia,Native-born,Low,2017,Percentage,60.7
Latvia,Native-born,Low,2018,Percentage,57.7
Latvia,Native-born,Low,2019,Percentage,65.5
Latvia,Native-born,Medium,2015,Percentage,73.1
Latvia,Native-born,Medium,2016,Percentage,72.5
Latvia,Native-born,Medium,2017,Percentage,74.0
Latvia,Native-born,Medium,2018,Percentage,75.9
Latvia,Native-born,Medium,2019,Percentage,75.9
Latvia,Native-born,High,2015,Percentage,87.4
Latvia,Native-born,High,2016,Percentage,88.9
Latvia,Native-born,High,2017,Percentage,88.8
Latvia,Native-born,High,2018,Percentage,89.0
Latvia,Native-born,High,2019,Percentage,89.9
Lithuania,Native-born,Total,2015,Percentage,76.8
Lithuania,Native-born,Total,2016,Percentage,78.6
Lithuania,Native-born,Total,2017,Percentage,79.2
Lithuania,Native-born,Total,2018,Percentage,80.8
Lithuania,Native-born,Total,2019,Percentage,81.0
Lithuania,Native-born,Low,2015,Percentage,45.8
Lithuania,Native-born,Low,2016,Percentage,44.5
Lithuania,Native-born,Low,2017,Percentage,45.8
Lithuania,Native-born,Low,2018,Percentage,48.3
Lithuania,Native-born,Low,2019,Percentage,50.5
Lithuania,Native-born,Medium,2015,Percentage,71.0
Lithuania,Native-born,Medium,2016,Percentage,72.7
Lithuania,Native-born,Medium,2017,Percentage,73.6
Lithuania,Native-born,Medium,2018,Percentage,75.5
Lithuania,Native-born,Medium,2019,Percentage,74.9
Lithuania,Native-born,High,2015,Percentage,90.1
Lithuania,Native-born,High,2016,Percentage,91.3
Lithuania,Native-born,High,2017,Percentage,91.1
Lithuania,Native-born,High,2018,Percentage,91.5
Lithuania,Native-born,High,2019,Percentage,91.6
